Cluster,coherence_analysis.best_num_topics,coherence_analysis.entity_coherence,coherence_analysis.local_coherence_embeddings,coherence_analysis.overall_coherence,originality_analysis.log_likelihood,readability_metrics.smog_index,sentiment_analysis.average_sentiment,sentiment_analysis.emotional_volatility,sentiment_analysis.variance_sentiment,stylistic_analysis.linguistic_metrics.average_sentence_length,stylistic_analysis.linguistic_metrics.average_tree_depth,stylistic_analysis.linguistic_metrics.lexical_diversity.MTLD,stylistic_analysis.linguistic_metrics.max_subordination_depth,stylistic_analysis.rhetorical_devices.variety,stylistic_analysis.sentence_rhythm.std_dev_sentence_length,thematic_analysis.entropy_score,thematic_analysis.graph_density
0,0.0435399043419117,0.06262309384795343,0.06330983787497522,0.07007105683480973,0.08034708438346298,0.05929425076006713,0.0622828440970496,0.055061446191939506,0.06712371476377695,0.06645850519395381,0.07391745808549816,0.08161352468119432,0.03210794994442569,0.04979139967330015,0.06492797265760825,0.044845014954248266,0.022684941713824396
1,0.041517926423840626,0.04844320549289815,0.09405728757957187,0.04372938367877917,0.07756911881567599,0.035457005057204095,0.12069010786813908,0.04029899951539312,0.09229605894630351,0.03930500539902059,0.04166936732726695,0.03717688577007013,0.011943539376288323,0.06278749676228892,0.035799050753877536,0.08524912750006144,0.09201043373331982
